{
  "tailwind.config.js": 1777011749.2579186,
  "next-env.d.ts": 1776990996.1211853,
  "playwright.config.ts": 1777698250.3830206,
  "postcss.config.js": 1776417830.1700273,
  "prisma/seed.ts": 1777660146.6894841,
  "tests/database.test.ts": 1776415609.391895,
  "tests/auth.test.tsx": 1776406077.6144202,
  "tests/dashboard.test.ts": 1776417830.1803749,
  "tests/e2e/custom-fields.spec.ts": 1777699629.941401,
  "tests/e2e/pipeline.spec.ts": 1777700951.0276086,
  "tests/e2e/smoke.spec.ts": 1777699609.1621118,
  "tests/e2e/auth.setup.ts": 1777698267.1364143,
  "tests/e2e/channels.spec.ts": 1777698644.052962,
  "tests/e2e/leads-crud.spec.ts": 1777700931.2759123,
  "tests/e2e/board-crud.spec.ts": 1777699357.3261695,
  "tests/e2e/helpers/api.ts": 1777698272.9122267,
  "scripts/backfill-leads-v3.ts": 1777658864.677571,
  "scripts/dev-job-runner.ts": 1777626371.8279243,
  "scripts/check-i18n.ts": 1777629809.2093046,
  "scripts/create-admin.ts": 1776417830.1716256,
  "scripts/seed-test-users.ts": 1777213101.5431683,
  "scripts/seed-e2e-user.ts": 1777698652.3114135,
  "src/middleware.ts": 1777552786.3135405,
  "src/auth.ts": 1777550094.7376728,
  "src/app/layout.tsx": 1777410539.0439916,
  "src/app/page.tsx": 1777554333.1014483,
  "src/app/not-found.tsx": 1777410172.5671687,
  "src/app/contact/page.tsx": 1777554447.2626212,
  "src/app/privacy/page.tsx": 1777554359.5623584,
  "src/app/datenschutz/page.tsx": 1777554606.9792507,
  "src/app/signup/page.tsx": 1777157379.384363,
  "src/app/features/page.tsx": 1777554420.677816,
  "src/app/product/page.tsx": 1777554390.5948243,
  "src/app/impressum/page.tsx": 1777554342.5915978,
  "src/app/agb/page.tsx": 1777554341.8286428,
  "src/app/api/auth/signup/route.ts": 1776946447.292673,
  "src/app/api/auth/[...nextauth]/route.ts": 1776504425.9339154,
  "src/app/api/leads/[leadId]/invite-channel/route.ts": 1777660996.1951537,
  "src/app/api/leads/[leadId]/conversations/route.ts": 1777659886.1325362,
  "src/app/api/leads/[leadId]/telegram-invite/route.ts": 1777659882.6423619,
  "src/app/api/leads/[leadId]/invites/route.ts": 1777660965.9482794,
  "src/app/api/health/route.ts": 1776494580.338958,
  "src/app/api/crm/pipeline/route.ts": 1777659922.8251202,
  "src/app/api/admin/platform-keys/route.ts": 1777624812.0284958,
  "src/app/api/admin/scan/route.ts": 1776793296.924188,
  "src/app/api/admin/reports/route.ts": 1776649581.2907553,
  "src/app/api/admin/reports/[id]/route.ts": 1776990895.8014884,
  "src/app/api/user/route.ts": 1777406299.6083589,
  "src/app/api/dashboard/stats/route.ts": 1777660155.4228103,
  "src/app/api/integrations/route.ts": 1777629763.8317113,
  "src/app/api/team/route.ts": 1777483933.9591956,
  "src/app/api/team/invite/route.ts": 1776767371.6694653,
  "src/app/api/team/members/[id]/route.ts": 1777212467.7473602,
  "src/app/api/conversations/route.ts": 1777659814.8525045,
  "src/app/api/conversations/[id]/messages/route.ts": 1777550094.7362363,
  "src/app/api/conversations/[id]/freeze/route.ts": 1777550094.7357035,
  "src/app/api/conversations/[id]/state/route.ts": 1777659801.9541116,
  "src/app/api/conversations/[id]/ai/route.ts": 1777541728.587867,
  "src/app/api/conversations/[id]/fields/route.ts": 1777659810.3228307,
  "src/app/api/conversations/stats/route.ts": 1777659819.081448,
  "src/app/api/ai/generate-landing/route.ts": 1777662084.9745083,
  "src/app/api/ai/chat/route.ts": 1777624688.0030975,
  "src/app/api/ai/generate-flow/route.ts": 1777662063.099918,
  "src/app/api/telegram/webhook/[boardId]/route.ts": 1777663601.640927,
  "src/app/api/boards/route.ts": 1776562020.722993,
  "src/app/api/boards/[id]/route.ts": 1776514526.8852284,
  "src/app/api/boards/[id]/ai-config/route.ts": 1777624797.7753744,
  "src/app/api/boards/[id]/pipeline/route.ts": 1777659915.6550765,
  "src/app/api/boards/[id]/leads/route.ts": 1777659773.5534494,
  "src/app/api/boards/[id]/leads/import/route.ts": 1777659783.0123754,
  "src/app/api/boards/[id]/states/route.ts": 1777630183.1319811,
  "src/app/api/boards/[id]/states/bulk/route.ts": 1776567681.5740602,
  "src/app/api/boards/[id]/brain/route.ts": 1776748738.7186313,
  "src/app/api/boards/[id]/brain/simulate/route.ts": 1777659597.4247918,
  "src/app/api/boards/[id]/brain/faqs/route.ts": 1777262238.4752703,
  "src/app/api/boards/[id]/brain/rules/route.ts": 1777262246.8956294,
  "src/app/api/boards/[id]/brain/documents/route.ts": 1777262230.6149547,
  "src/app/api/boards/[id]/custom-fields/route.ts": 1777619273.5364769,
  "src/app/api/boards/[id]/custom-fields/generate/route.ts": 1777662095.9882493,
  "src/app/api/boards/[id]/assets/route.ts": 1776649975.0958717,
  "src/app/api/boards/[id]/channels/route.ts": 1777615969.541956,
  "src/app/api/notifications/route.ts": 1777660164.0194812,
  "src/app/api/whatsapp/webhook/[boardId]/route.ts": 1777661053.9345174,
  "src/app/api/whatsapp/ai-send/route.ts": 1777662124.6428173,
  "src/app/api/whatsapp/account/route.ts": 1777629744.966659,
  "src/app/api/whatsapp/disconnect/route.ts": 1777629752.292355,
  "src/app/api/whatsapp/send/route.ts": 1777659615.7807236,
  "src/app/api/cron/process-jobs/route.ts": 1777626357.5059988,
  "src/app/api/reports/route.ts": 1777262222.227145,
  "src/app/api/debug/route.ts": 1776649319.2391884,
  "src/app/(auth)/layout.tsx": 1777550094.7318234,
  "src/app/(auth)/login/page.tsx": 1777554596.570319,
  "src/app/(dashboard)/layout.tsx": 1777550094.7338622,
  "src/app/(dashboard)/error.tsx": 1777007655.4115872,
  "src/app/(dashboard)/loading.tsx": 1777007655.4137754,
  "src/app/(dashboard)/not-found.tsx": 1777007655.422851,
  "src/app/(dashboard)/settings/page.tsx": 1777629740.807291,
  "src/app/(dashboard)/crm/page.tsx": 1777697625.9255266,
  "src/app/(dashboard)/dashboard/page.tsx": 1777704140.5479991,
  "src/app/(dashboard)/team/page.tsx": 1777410650.1155236,
  "src/app/(dashboard)/boards/page.tsx": 1776747256.1620417,
  "src/app/(dashboard)/boards/[id]/page.tsx": 1777697633.8436472,
  "src/app/(dashboard)/boards/[id]/settings/page.tsx": 1777630058.0820365,
  "src/app/(dashboard)/boards/[id]/brain/page.tsx": 1777661715.9856808,
  "src/app/(dashboard)/boards/[id]/assets/page.tsx": 1777375523.0098763,
  "src/app/(dashboard)/boards/[id]/flow/page.tsx": 1777375138.4392953,
  "src/app/(dashboard)/reports/page.tsx": 1777367040.873422,
  "src/app/(dashboard)/admin-bot/AdminBotContent.tsx": 1777657515.2184978,
  "src/app/(dashboard)/admin-bot/page.tsx": 1777411096.7805521,
  "src/app/pricing/page.tsx": 1777554436.7057292,
  "src/app/imprint/page.tsx": 1777554341.1260777,
  "src/components/LanguageToggle.tsx": 1776746889.4429853,
  "src/components/ThemeToggle.tsx": 1777004113.3300407,
  "src/components/ui/tabs.tsx": 1777406279.742027,
  "src/components/ui/card.tsx": 1777406270.5094905,
  "src/components/ui/progress.tsx": 1776989887.3023427,
  "src/components/ui/toaster.tsx": 1776989887.255007,
  "src/components/ui/scroll-area.tsx": 1776989887.348075,
  "src/components/ui/avatar.tsx": 1776989887.2793436,
  "src/components/ui/dialog.tsx": 1776989887.1641264,
  "src/components/ui/badge.tsx": 1776427005.2788928,
  "src/components/ui/separator.tsx": 1776989887.3252532,
  "src/components/ui/button.tsx": 1776426993.0599718,
  "src/components/ui/toast.tsx": 1776989887.1995997,
  "src/components/ui/select.tsx": 1776427043.5556,
  "src/components/ui/input.tsx": 1777406286.3690262,
  "src/components/ui/skeleton.tsx": 1776913115.9237857,
  "src/components/layout/UserMenu.tsx": 1776746960.6923223,
  "src/components/layout/Footer.tsx": 1777554450.110451,
  "src/components/layout/TopNavigation.tsx": 1777697611.4670794,
  "src/components/leads/ChannelInviteUI.tsx": 1777661624.7260137,
  "src/components/leads/TelegramInviteUI.tsx": 1777629884.8410509,
  "src/components/flow-builder/StateCard.tsx": 1777630197.515509,
  "src/components/flow-builder/FlowBuilder.tsx": 1777661763.7258158,
  "src/components/flow-builder/PromptGenerator.tsx": 1777657513.8077848,
  "src/components/flow-builder/StateForm.tsx": 1777661744.2724411,