{
  "tailwind.config.js": 1777011749.2579186,
  "next-env.d.ts": 1776990996.1211853,
  "vitest.config.ts": 1776406077.6147401,
  "postcss.config.js": 1776417830.1700273,
  "prisma/seed.ts": 1776415617.89068,
  "tests/database.test.ts": 1776415609.391895,
  "tests/auth.test.tsx": 1776406077.6144202,
  "tests/dashboard.test.ts": 1776417830.1803749,
  "scripts/create-admin.ts": 1776417830.1716256,
  "scripts/seed-test-users.ts": 1777213101.5431683,
  "src/middleware.ts": 1777552786.3135405,
  "src/auth.ts": 1777550094.7376728,
  "src/app/layout.tsx": 1777410539.0439916,
  "src/app/page.tsx": 1777554333.1014483,
  "src/app/not-found.tsx": 1777410172.5671687,
  "src/app/contact/page.tsx": 1777554447.2626212,
  "src/app/privacy/page.tsx": 1777554359.5623584,
  "src/app/datenschutz/page.tsx": 1777554606.9792507,
  "src/app/signup/page.tsx": 1777157379.384363,
  "src/app/features/page.tsx": 1777554420.677816,
  "src/app/product/page.tsx": 1777554390.5948243,
  "src/app/impressum/page.tsx": 1777554342.5915978,
  "src/app/agb/page.tsx": 1777554341.8286428,
  "src/app/api/webhook/telegram/route.ts": 1777596753.8892205,
  "src/app/api/webhook/whatsapp/route.ts": 1777550094.7371283,
  "src/app/api/auth/signup/route.ts": 1776946447.292673,
  "src/app/api/auth/[...nextauth]/route.ts": 1776504425.9339154,
  "src/app/api/health/route.ts": 1776494580.338958,
  "src/app/api/crm/pipeline/route.ts": 1776748669.762404,
  "src/app/api/admin/scan/route.ts": 1776793296.924188,
  "src/app/api/admin/reports/route.ts": 1776649581.2907553,
  "src/app/api/admin/reports/[id]/route.ts": 1776990895.8014884,
  "src/app/api/meta/leads/route.ts": 1777262301.1716063,
  "src/app/api/user/route.ts": 1777406299.6083589,
  "src/app/api/dashboard/stats/route.ts": 1777001351.3315768,
  "src/app/api/integrations/route.ts": 1777374790.5807183,
  "src/app/api/integrations/nango/route.ts": 1776949658.79098,
  "src/app/api/team/route.ts": 1777483933.9591956,
  "src/app/api/team/invite/route.ts": 1776767371.6694653,
  "src/app/api/team/members/[id]/route.ts": 1777212467.7473602,
  "src/app/api/conversations/route.ts": 1777156985.5095866,
  "src/app/api/conversations/[id]/messages/route.ts": 1777550094.7362363,
  "src/app/api/conversations/[id]/freeze/route.ts": 1777550094.7357035,
  "src/app/api/conversations/[id]/state/route.ts": 1777157009.3373544,
  "src/app/api/conversations/[id]/ai/route.ts": 1777541728.587867,
  "src/app/api/conversations/[id]/fields/route.ts": 1777619287.4992218,
  "src/app/api/conversations/stats/route.ts": 1776649573.4003026,
  "src/app/api/ai/generate-landing/route.ts": 1777002854.5968955,
  "src/app/api/ai/chat/route.ts": 1776946458.718405,
  "src/app/api/ai/generate-flow/route.ts": 1776953874.0332854,
  "src/app/api/telegram/webhook/[boardId]/route.ts": 1777616152.2001767,
  "src/app/api/boards/route.ts": 1776562020.722993,
  "src/app/api/boards/[id]/route.ts": 1776514526.8852284,
  "src/app/api/boards/[id]/pipeline/route.ts": 1777479628.9227486,
  "src/app/api/boards/[id]/leads/route.ts": 1776748688.0456824,
  "src/app/api/boards/[id]/leads/import/route.ts": 1776748849.882645,
  "src/app/api/boards/[id]/states/route.ts": 1777619415.9577203,
  "src/app/api/boards/[id]/states/bulk/route.ts": 1776567681.5740602,
  "src/app/api/boards/[id]/brain/route.ts": 1776748738.7186313,
  "src/app/api/boards/[id]/brain/simulate/route.ts": 1777619824.2009697,
  "src/app/api/boards/[id]/brain/faqs/route.ts": 1777262238.4752703,
  "src/app/api/boards/[id]/brain/rules/route.ts": 1777262246.8956294,
  "src/app/api/boards/[id]/brain/documents/route.ts": 1777262230.6149547,
  "src/app/api/boards/[id]/fields/route.ts": 1776748755.60238,
  "src/app/api/boards/[id]/custom-fields/route.ts": 1777619273.5364769,
  "src/app/api/boards/[id]/custom-fields/generate/route.ts": 1777619314.2809227,
  "src/app/api/boards/[id]/assets/route.ts": 1776649975.0958717,
  "src/app/api/boards/[id]/channels/route.ts": 1777615969.541956,
  "src/app/api/notifications/route.ts": 1777619475.855338,
  "src/app/api/whatsapp/webhook/[boardId]/route.ts": 1777619197.6031716,
  "src/app/api/whatsapp/ai-send/route.ts": 1777157409.2271736,
  "src/app/api/whatsapp/account/route.ts": 1777374785.9916701,
  "src/app/api/whatsapp/disconnect/route.ts": 1776948047.1181598,
  "src/app/api/whatsapp/connect/route.ts": 1777374669.9184935,
  "src/app/api/whatsapp/send/route.ts": 1776946465.6216693,
  "src/app/api/reports/route.ts": 1777262222.227145,
  "src/app/api/debug/route.ts": 1776649319.2391884,
  "src/app/(auth)/layout.tsx": 1777550094.7318234,
  "src/app/(auth)/login/page.tsx": 1777554596.570319,
  "src/app/(dashboard)/layout.tsx": 1777550094.7338622,
  "src/app/(dashboard)/error.tsx": 1777007655.4115872,
  "src/app/(dashboard)/loading.tsx": 1777007655.4137754,
  "src/app/(dashboard)/not-found.tsx": 1777007655.422851,
  "src/app/(dashboard)/settings/page.tsx": 1777479609.544478,
  "src/app/(dashboard)/crm/page.tsx": 1777368362.4594264,
  "src/app/(dashboard)/dashboard/page.tsx": 1777555367.7654853,
  "src/app/(dashboard)/team/page.tsx": 1777410650.1155236,
  "src/app/(dashboard)/boards/page.tsx": 1776747256.1620417,
  "src/app/(dashboard)/boards/[id]/page.tsx": 1777555585.718132,
  "src/app/(dashboard)/boards/[id]/settings/page.tsx": 1777616010.8009453,
  "src/app/(dashboard)/boards/[id]/brain/page.tsx": 1777410735.4289107,
  "src/app/(dashboard)/boards/[id]/assets/page.tsx": 1777375523.0098763,
  "src/app/(dashboard)/boards/[id]/flow/page.tsx": 1777375138.4392953,
  "src/app/(dashboard)/builder/page.tsx": 1777555573.5080347,
  "src/app/(dashboard)/whatsapp/page.tsx": 1777374824.943291,
  "src/app/(dashboard)/reports/page.tsx": 1777367040.873422,
  "src/app/(dashboard)/admin-bot/AdminBotContent.tsx": 1777411134.839615,
  "src/app/(dashboard)/admin-bot/page.tsx": 1777411096.7805521,
  "src/app/pricing/page.tsx": 1777554436.7057292,
  "src/app/imprint/page.tsx": 1777554341.1260777,
  "src/components/LanguageToggle.tsx": 1776746889.4429853,
  "src/components/ThemeToggle.tsx": 1777004113.3300407,
  "src/components/ui/tabs.tsx": 1777406279.742027,
  "src/components/ui/card.tsx": 1777406270.5094905,
  "src/components/ui/progress.tsx": 1776989887.3023427,
  "src/components/ui/toaster.tsx": 1776989887.255007,
  "src/components/ui/scroll-area.tsx": 1776989887.348075,
  "src/components/ui/avatar.tsx": 1776989887.2793436,
  "src/components/ui/dialog.tsx": 1776989887.1641264,
  "src/components/ui/badge.tsx": 1776427005.2788928,
  "src/components/ui/separator.tsx": 1776989887.3252532,
  "src/components/ui/button.tsx": 1776426993.0599718,
  "src/components/ui/toast.tsx": 1776989887.1995997,
  "src/components/ui/select.tsx": 1776427043.5556,
  "src/components/ui/input.tsx": 1777406286.3690262,
  "src/components/ui/skeleton.tsx": 1776913115.9237857,
  "src/components/layout/UserMenu.tsx": 1776746960.6923223,
  "src/components/layout/Footer.tsx": 1777554450.110451,
  "src/components/layout/TopNavigation.tsx": 1777615797.9923916,
  "src/components/crm/StatsBar.tsx": 1777368354.1876087,
  "src/components/crm/ConversioPipeline.tsx": 1777366931.0832396,
  "src/components/crm/ConversioLeadCard.tsx": 1776991317.3129196,
  "src/components/crm/PipelineStage.tsx": 1777366977.5426297,
  "src/components/flow-builder/StateCard.tsx": 1777375265.333415,
  "src/components/flow-builder/FlowBuilder.tsx": 1777619448.52226,
  "src/components/flow-builder/PromptGenerator.tsx": 1777375429.5271342,
  "src/components/flow-builder/StateForm.tsx": 1777619396.085974,
  "src/components/boards/LeadImportModal.tsx": 1777367007.5142798,
  "src/components/boards/BoardNav.tsx": 1776760496.1603098,
  "src/components/boards/LeadDrawer.tsx": 1777619330.1207793,
  "src/components/boards/EmptyStateCard.tsx": 1776748257.7143846,
  "src/components/boards/PipelineBoard.tsx": 1776667978.9497223,
  "src/components/boards/CRMSkeleton.tsx": 1776652528.4256728,
  "src/components/boards/LeadCard.tsx": 1777366993.6843772,
  "src/components/boards/BoardTabs.tsx": 1777375149.9776816,